policy,episode_seed,num_jobs,total_reward,mean_reward,mean_actual_duration,mean_wait_time,mean_cpu_energy_joules,mean_peak_memory_mb,stall_rate,action_counts
always_sequential,42,200,-203.08437500000002,-1.0154218750000001,359.00557890986937,0.0,6282.597630922714,3747.477939453125,0.01,"{0: 200, 1: 0, 2: 0}"
always_sequential,43,200,-210.159375,-1.050796875,359.4038385751205,0.0,6289.56717506461,8140.654145507812,0.045,"{0: 200, 1: 0, 2: 0}"
always_sequential,44,200,-205.26875,-1.02634375,324.3129095624115,0.0,5675.475917342202,5888.60154296875,0.02,"{0: 200, 1: 0, 2: 0}"
always_sequential,45,200,-207.24374999999998,-1.03621875,322.7606826065857,0.0,5648.31194561525,5720.9605859375,0.03,"{0: 200, 1: 0, 2: 0}"
always_sequential,46,200,-205.184375,-1.0259218749999999,355.346010137767,0.0,6218.555177410923,5275.02673828125,0.02,"{0: 200, 1: 0, 2: 0}"
always_sequential,47,200,-204.390625,-1.021953125,377.69116182276457,0.0,6609.59533189838,4478.910170898437,0.015,"{0: 200, 1: 0, 2: 0}"
always_sequential,48,200,-207.075,-1.035375,360.8045045191239,0.0,6314.078829084668,5894.74419921875,0.03,"{0: 200, 1: 0, 2: 0}"
always_sequential,49,200,-209.02499999999998,-1.0451249999999999,349.4950714697708,0.0,6116.163750720991,7299.452177734375,0.04,"{0: 200, 1: 0, 2: 0}"
always_sequential,50,200,-206.23125,-1.03115625,371.06001153916327,0.0,6493.550201935356,6381.846796875,0.025,"{0: 200, 1: 0, 2: 0}"
always_sequential,51,200,-202.334375,-1.011671875,359.6940251107239,0.0,6294.645439437667,3747.477939453125,0.005,"{0: 200, 1: 0, 2: 0}"
always_sequential,52,200,-212.440625,-1.0622031250000001,359.8295611346436,0.0,6297.0173198562625,8140.654145507812,0.055,"{0: 200, 1: 0, 2: 0}"
always_sequential,53,200,-206.11875,-1.03059375,323.8743621872375,0.0,5667.8013382766585,5888.60154296875,0.025,"{0: 200, 1: 0, 2: 0}"
always_sequential,54,200,-209.1375,-1.0456874999999999,322.4481614902343,0.0,5642.842826079101,5720.9605859375,0.04,"{0: 200, 1: 0, 2: 0}"
always_sequential,55,200,-205.175,-1.025875,355.10426616516884,0.0,6214.324657890454,5275.02673828125,0.02,"{0: 200, 1: 0, 2: 0}"
always_sequential,56,200,-203.21875,-1.01609375,377.3749536796188,0.0,6604.061689393329,4478.910170898437,0.01,"{0: 200, 1: 0, 2: 0}"
always_sequential,57,200,-207.234375,-1.036171875,360.9184123902634,0.0,6316.072216829609,5894.74419921875,0.03,"{0: 200, 1: 0, 2: 0}"
always_sequential,58,200,-209.025,-1.045125,349.88036356818697,0.0,6122.906362443273,7299.452177734375,0.04,"{0: 200, 1: 0, 2: 0}"
always_sequential,59,200,-205.30312500000002,-1.026515625,371.07095789097895,0.0,6493.741763092133,6381.846796875,0.02,"{0: 200, 1: 0, 2: 0}"
always_sequential,60,200,-202.125,-1.010625,359.0788471194275,0.0,6283.879824589981,3747.477939453125,0.005,"{0: 200, 1: 0, 2: 0}"
always_sequential,61,200,-211.0625,-1.0553125,359.00746370320894,0.0,6282.630614806157,8140.654145507812,0.05,"{0: 200, 1: 0, 2: 0}"
always_sequential,62,200,-205.29375,-1.02646875,324.204022444693,0.0,5673.570392782128,5888.60154296875,0.02,"{0: 200, 1: 0, 2: 0}"
always_sequential,63,200,-207.378125,-1.036890625,323.28660451509245,0.0,5657.515579014118,5720.9605859375,0.03,"{0: 200, 1: 0, 2: 0}"
always_sequential,64,200,-206.171875,-1.030859375,354.8982344834076,0.0,6210.7191034596335,5275.02673828125,0.025,"{0: 200, 1: 0, 2: 0}"
always_sequential,65,200,-203.221875,-1.016109375,377.259069474852,0.0,6602.03371580991,4478.910170898437,0.01,"{0: 200, 1: 0, 2: 0}"
always_sequential,66,200,-208.409375,-1.042046875,361.362879307753,0.0,6323.850387885677,5894.74419921875,0.035,"{0: 200, 1: 0, 2: 0}"
always_sequential,67,200,-210.109375,-1.050546875,349.6456282236481,0.0,6118.798493913841,7299.452177734375,0.045,"{0: 200, 1: 0, 2: 0}"
always_sequential,68,200,-207.13125000000002,-1.0356562500000002,370.88498196566013,0.0,6490.487184399052,6381.846796875,0.03,"{0: 200, 1: 0, 2: 0}"
always_sequential,69,200,-203.25,-1.01625,359.3217590463486,0.0,6288.1307833111,3747.477939453125,0.01,"{0: 200, 1: 0, 2: 0}"
always_sequential,70,200,-209.1875,-1.0459375,359.24410136616666,0.0,6286.771773907917,8140.654145507812,0.04,"{0: 200, 1: 0, 2: 0}"
always_sequential,71,200,-205.04375,-1.0252187499999998,323.788691104686,0.0,5666.302094332004,5888.60154296875,0.02,"{0: 200, 1: 0, 2: 0}"
always_sequential,72,200,-208.21249999999998,-1.0410624999999998,322.28063984612885,0.0,5639.911197307255,5720.9605859375,0.035,"{0: 200, 1: 0, 2: 0}"
always_sequential,73,200,-204.271875,-1.021359375,355.1878925520691,0.0,6215.78811966121,5275.02673828125,0.015,"{0: 200, 1: 0, 2: 0}"
always_sequential,74,200,-204.16250000000002,-1.0208125000000001,377.3834508733109,0.0,6604.210390282939,4478.910170898437,0.015,"{0: 200, 1: 0, 2: 0}"
always_sequential,75,200,-206.140625,-1.030703125,360.7380593030945,0.0,6312.916037804153,5894.74419921875,0.025,"{0: 200, 1: 0, 2: 0}"
always_sequential,76,200,-209.04375000000002,-1.04521875,349.5072402614151,0.0,6116.376704574765,7299.452177734375,0.04,"{0: 200, 1: 0, 2: 0}"
always_sequential,77,200,-206.17812500000002,-1.030890625,371.10464811787415,0.0,6494.331342062797,6381.846796875,0.025,"{0: 200, 1: 0, 2: 0}"
always_sequential,78,200,-202.29375,-1.01146875,359.60954850062865,0.0,6293.1670987610005,3747.477939453125,0.005,"{0: 200, 1: 0, 2: 0}"
always_sequential,79,200,-211.19687499999998,-1.055984375,359.7032583063233,0.0,6294.807020360657,8140.654145507812,0.05,"{0: 200, 1: 0, 2: 0}"
always_sequential,80,200,-206.16875000000002,-1.03084375,324.0678369202988,0.0,5671.187146105229,5888.60154296875,0.025,"{0: 200, 1: 0, 2: 0}"
always_sequential,81,200,-207.26875,-1.0363437500000001,322.7108828611938,0.0,5647.440450070892,5720.9605859375,0.03,"{0: 200, 1: 0, 2: 0}"
always_sequential,82,200,-204.296875,-1.021484375,355.7506216519394,0.0,6225.635878908939,5275.02673828125,0.015,"{0: 200, 1: 0, 2: 0}"
always_sequential,83,200,-204.1875,-1.0209375,377.4895236671463,0.0,6606.06666417506,4478.910170898437,0.015,"{0: 200, 1: 0, 2: 0}"
always_sequential,84,200,-207.046875,-1.035234375,360.80961927869873,0.0,6314.168337377228,5894.74419921875,0.03,"{0: 200, 1: 0, 2: 0}"
always_sequential,85,200,-211.24687500000002,-1.056234375,349.98046610795745,0.0,6124.658156889255,7299.452177734375,0.05,"{0: 200, 1: 0, 2: 0}"
always_sequential,86,200,-205.184375,-1.0259218749999999,371.0454824729126,0.0,6493.295943275972,6381.846796875,0.02,"{0: 200, 1: 0, 2: 0}"
always_sequential,87,200,-202.165625,-1.010828125,359.34601086372686,0.0,6288.555190115219,3747.477939453125,0.005,"{0: 200, 1: 0, 2: 0}"
always_sequential,88,200,-210.221875,-1.051109375,359.16714350281677,0.0,6285.425011299293,8140.654145507812,0.045,"{0: 200, 1: 0, 2: 0}"
always_sequential,89,200,-205.15,-1.02575,323.7969642109146,0.0,5666.446873691005,5888.60154296875,0.02,"{0: 200, 1: 0, 2: 0}"
always_sequential,90,200,-208.334375,-1.041671875,322.5567538201065,0.0,5644.743191851864,5720.9605859375,0.035,"{0: 200, 1: 0, 2: 0}"
always_sequential,91,200,-205.09375,-1.02546875,355.006785671669,0.0,6212.618749254208,5275.02673828125,0.02,"{0: 200, 1: 0, 2: 0}"
always_shared,42,200,-138.5154304721015,-0.6925771523605075,193.28073630818827,0.0,13529.651541573177,3747.477939453125,0.005,"{0: 0, 1: 200, 2: 0}"
always_shared,43,200,-150.3587392864873,-0.7517936964324364,188.74771734920353,0.0,13212.340214444244,8140.654145507812,0.045,"{0: 0, 1: 200, 2: 0}"
always_shared,44,200,-135.3990510969539,-0.6769952554847696,161.0316982554533,0.0,11272.21887788173,5888.60154296875,0.02,"{0: 0, 1: 200, 2: 0}"
always_shared,45,200,-145.50438908578897,-0.7275219454289449,179.2846137411386,0.0,12549.922961879704,5720.9605859375,0.03,"{0: 0, 1: 200, 2: 0}"
always_shared,46,200,-138.26738083283547,-0.6913369041641774,187.75239364970977,0.0,13142.667555479682,5275.02673828125,0.015,"{0: 0, 1: 200, 2: 0}"
always_shared,47,200,-137.266100296371,-0.686330501481855,202.9104286476548,0.0,14203.730005335836,4478.910170898437,0.01,"{0: 0, 1: 200, 2: 0}"
always_shared,48,200,-137.89802699809724,-0.6894901349904862,195.44226033114109,0.0,13680.958223179878,5894.74419921875,0.03,"{0: 0, 1: 200, 2: 0}"
always_shared,49,200,-146.8400032777096,-0.734200016388548,182.53433721764952,0.0,12777.403605235466,7299.452177734375,0.045,"{0: 0, 1: 200, 2: 0}"
always_shared,50,200,-138.94879682358533,-0.6947439841179266,190.06039776385617,0.0,13304.227843469931,6381.846796875,0.025,"{0: 0, 1: 200, 2: 0}"
always_shared,51,200,-139.44000456070137,-0.6972000228035068,193.15756832665946,0.0,13521.029782866164,3747.477939453125,0.01,"{0: 0, 1: 200, 2: 0}"
always_shared,52,200,-150.1835229550063,-0.7509176147750316,188.46076655612472,0.0,13192.253658928734,8140.654145507812,0.045,"{0: 0, 1: 200, 2: 0}"
always_shared,53,200,-136.29635415908058,-0.6814817707954028,161.05846540946806,0.0,11274.092578662767,5888.60154296875,0.025,"{0: 0, 1: 200, 2: 0}"
always_shared,54,200,-145.4741793988178,-0.727370896994089,179.39586952295605,0.0,12557.710866606925,5720.9605859375,0.03,"{0: 0, 1: 200, 2: 0}"
always_shared,55,200,-139.32963222626057,-0.6966481611313029,187.93578670658064,0.0,13155.505069460645,5275.02673828125,0.02,"{0: 0, 1: 200, 2: 0}"
always_shared,56,200,-138.31993863107468,-0.6915996931553734,203.00358652335584,0.0,14210.25105663491,4478.910170898437,0.015,"{0: 0, 1: 200, 2: 0}"
always_shared,57,200,-137.95871224803264,-0.6897935612401632,195.59772786290767,0.0,13691.840950403539,5894.74419921875,0.03,"{0: 0, 1: 200, 2: 0}"
always_shared,58,200,-147.96191471628737,-0.7398095735814368,182.4547058076014,0.0,12771.8294065321,7299.452177734375,0.05,"{0: 0, 1: 200, 2: 0}"
always_shared,59,200,-139.03150538117183,-0.6951575269058591,190.41537645892785,0.0,13329.07635212495,6381.846796875,0.025,"{0: 0, 1: 200, 2: 0}"
always_shared,60,200,-138.52108670616863,-0.6926054335308431,193.3288130224894,0.0,13533.016911574257,3747.477939453125,0.005,"{0: 0, 1: 200, 2: 0}"
always_shared,61,200,-151.31087998108018,-0.7565543999054009,188.53377099405122,0.0,13197.363969583586,8140.654145507812,0.05,"{0: 0, 1: 200, 2: 0}"
always_shared,62,200,-136.32163890869447,-0.6816081945434723,161.20470268283455,0.0,11284.329187798416,5888.60154296875,0.025,"{0: 0, 1: 200, 2: 0}"
always_shared,63,200,-147.3889498356252,-0.736944749178126,179.19994943713232,0.0,12543.99646059926,5720.9605859375,0.04,"{0: 0, 1: 200, 2: 0}"
always_shared,64,200,-139.4785049629814,-0.697392524814907,188.2685721733094,0.0,13178.800052131659,5275.02673828125,0.02,"{0: 0, 1: 200, 2: 0}"
always_shared,65,200,-137.40202026633168,-0.6870101013316584,202.7782440811743,0.0,14194.4770856822,4478.910170898437,0.01,"{0: 0, 1: 200, 2: 0}"
always_shared,66,200,-138.04663103907157,-0.6902331551953579,195.42295799374696,0.0,13679.607059562288,5894.74419921875,0.03,"{0: 0, 1: 200, 2: 0}"
always_shared,67,200,-146.78998330937628,-0.7339499165468815,182.1464981321027,0.0,12750.254869247186,7299.452177734375,0.045,"{0: 0, 1: 200, 2: 0}"
always_shared,68,200,-137.8766010339639,-0.6893830051698195,189.95604704477375,0.0,13296.923293134165,6381.846796875,0.02,"{0: 0, 1: 200, 2: 0}"
always_shared,69,200,-139.45587160758373,-0.6972793580379186,193.48323457787643,0.0,13543.826420451349,3747.477939453125,0.01,"{0: 0, 1: 200, 2: 0}"
always_shared,70,200,-149.21701513637828,-0.7460850756818914,188.59686944971187,0.0,13201.78086147983,8140.654145507812,0.04,"{0: 0, 1: 200, 2: 0}"
always_shared,71,200,-135.4705834986195,-0.6773529174930976,161.2843080273429,0.0,11289.901561914001,5888.60154296875,0.02,"{0: 0, 1: 200, 2: 0}"
always_shared,72,200,-146.3556350862716,-0.731778175431358,179.29055070856927,0.0,12550.338549599848,5720.9605859375,0.035,"{0: 0, 1: 200, 2: 0}"
always_shared,73,200,-139.54944292036785,-0.6977472146018393,187.91641628531593,0.0,13154.149139972114,5275.02673828125,0.02,"{0: 0, 1: 200, 2: 0}"
always_shared,74,200,-137.31257342061045,-0.6865628671030523,202.75840363828303,0.0,14193.088254679811,4478.910170898437,0.01,"{0: 0, 1: 200, 2: 0}"
always_shared,75,200,-138.96322675120658,-0.6948161337560329,195.45195609359425,0.0,13681.636926551597,5894.74419921875,0.035,"{0: 0, 1: 200, 2: 0}"
always_shared,76,200,-146.9045019698915,-0.7345225098494574,182.39708540195548,0.0,12767.795978136885,7299.452177734375,0.045,"{0: 0, 1: 200, 2: 0}"
always_shared,77,200,-138.94797221881896,-0.6947398610940948,190.12518379260152,0.0,13308.762865482107,6381.846796875,0.025,"{0: 0, 1: 200, 2: 0}"
always_shared,78,200,-138.74077849635944,-0.6937038924817972,193.76232613646178,0.0,13563.362829552325,3747.477939453125,0.005,"{0: 0, 1: 200, 2: 0}"
always_shared,79,200,-150.2148825001991,-0.7510744125009956,188.5192432205849,0.0,13196.347025440942,8140.654145507812,0.045,"{0: 0, 1: 200, 2: 0}"
always_shared,80,200,-136.28448622581016,-0.6814224311290508,160.8739474384784,0.0,11261.176320693488,5888.60154296875,0.025,"{0: 0, 1: 200, 2: 0}"
always_shared,81,200,-146.46100353932596,-0.7323050176966298,179.4332494226536,0.0,12560.327459585753,5720.9605859375,0.035,"{0: 0, 1: 200, 2: 0}"
always_shared,82,200,-139.4126335526701,-0.6970631677633504,187.84319888171652,0.0,13149.023921720158,5275.02673828125,0.02,"{0: 0, 1: 200, 2: 0}"
always_shared,83,200,-138.2768770546779,-0.6913843852733895,203.06512452455797,0.0,14214.558716719057,4478.910170898437,0.015,"{0: 0, 1: 200, 2: 0}"
always_shared,84,200,-138.98660896591252,-0.6949330448295626,195.43338193549968,0.0,13680.336735484978,5894.74419921875,0.035,"{0: 0, 1: 200, 2: 0}"
always_shared,85,200,-146.87875319456504,-0.7343937659728251,182.3032086828858,0.0,12761.224607802005,7299.452177734375,0.045,"{0: 0, 1: 200, 2: 0}"
always_shared,86,200,-138.9041782184847,-0.6945208910924235,190.18428214710067,0.0,13312.89975029705,6381.846796875,0.025,"{0: 0, 1: 200, 2: 0}"
always_shared,87,200,-138.58565498604483,-0.6929282749302241,193.64414836575452,0.0,13555.090385602818,3747.477939453125,0.005,"{0: 0, 1: 200, 2: 0}"
always_shared,88,200,-149.26297479120717,-0.7463148739560359,188.6257265926575,0.0,13203.800861486025,8140.654145507812,0.04,"{0: 0, 1: 200, 2: 0}"
always_shared,89,200,-136.37080615060364,-0.6818540307530182,160.99720014651624,0.0,11269.804010256137,5888.60154296875,0.025,"{0: 0, 1: 200, 2: 0}"
always_shared,90,200,-146.4789691168067,-0.7323948455840334,179.25605002267145,0.0,12547.923501587002,5720.9605859375,0.035,"{0: 0, 1: 200, 2: 0}"
always_shared,91,200,-139.4327875310105,-0.6971639376550525,188.11036444179794,0.0,13167.725510925855,5275.02673828125,0.02,"{0: 0, 1: 200, 2: 0}"
always_distributed,42,200,-141.4613856688091,-0.7073069283440455,156.11694664875506,0.0,43712.745061651425,3747.477939453125,0.01,"{0: 0, 1: 0, 2: 200}"
always_distributed,43,200,-157.36962437046856,-0.7868481218523428,154.94988681621697,0.0,43385.96830854075,8140.654145507812,0.065,"{0: 0, 1: 0, 2: 200}"
always_distributed,44,200,-135.62084587200917,-0.6781042293600459,126.11001176188682,0.0,35310.8032933283,5888.60154296875,0.03,"{0: 0, 1: 0, 2: 200}"
always_distributed,45,200,-151.16956167909368,-0.7558478083954684,150.20845436702527,0.0,42058.36722276707,5720.9605859375,0.04,"{0: 0, 1: 0, 2: 200}"
always_distributed,46,200,-142.9230756649477,-0.7146153783247385,151.6560786497616,0.0,42463.702021933255,5275.02673828125,0.03,"{0: 0, 1: 0, 2: 200}"
always_distributed,47,200,-138.21401044832015,-0.6910700522416008,164.1744402503087,0.0,45968.84327008644,4478.910170898437,0.015,"{0: 0, 1: 0, 2: 200}"
always_distributed,48,200,-140.50854367375163,-0.7025427183687581,159.9541596115867,0.0,44787.16469124428,5894.74419921875,0.04,"{0: 0, 1: 0, 2: 200}"
always_distributed,49,200,-151.49817305906365,-0.7574908652953183,148.60705051813287,0.0,41609.974145077205,7299.452177734375,0.055,"{0: 0, 1: 0, 2: 200}"
always_distributed,50,200,-142.99208463008486,-0.7149604231504243,151.7458765307327,0.0,42488.84542860516,6381.846796875,0.04,"{0: 0, 1: 0, 2: 200}"
always_distributed,51,200,-140.76978128754777,-0.7038489064377389,155.7387168918809,0.0,43606.840729726646,3747.477939453125,0.01,"{0: 0, 1: 0, 2: 200}"
always_distributed,52,200,-156.1168877293288,-0.780584438646644,154.5805252985834,0.0,43282.54708360335,8140.654145507812,0.055,"{0: 0, 1: 0, 2: 200}"
always_distributed,53,200,-134.31089417027087,-0.6715544708513543,126.39582474377364,0.0,35390.830928256626,5888.60154296875,0.025,"{0: 0, 1: 0, 2: 200}"
always_distributed,54,200,-150.79159251802417,-0.7539579625901208,150.39364132308626,0.0,42110.219570464156,5720.9605859375,0.04,"{0: 0, 1: 0, 2: 200}"
always_distributed,55,200,-142.35662058158388,-0.7117831029079195,151.51934505071765,0.0,42425.41661420094,5275.02673828125,0.025,"{0: 0, 1: 0, 2: 200}"
always_distributed,56,200,-140.02985924805944,-0.7001492962402972,164.1534087491573,0.0,45962.95444976405,4478.910170898437,0.025,"{0: 0, 1: 0, 2: 200}"
always_distributed,57,200,-139.63208514331225,-0.6981604257165612,160.13066445395432,0.0,44836.58604710721,5894.74419921875,0.035,"{0: 0, 1: 0, 2: 200}"
always_distributed,58,200,-149.9833068971124,-0.7499165344855621,147.8208487492218,0.0,41389.837649782094,7299.452177734375,0.05,"{0: 0, 1: 0, 2: 200}"
always_distributed,59,200,-141.14879044086103,-0.7057439522043052,151.10637422491152,0.0,42309.78478297522,6381.846796875,0.035,"{0: 0, 1: 0, 2: 200}"
always_distributed,60,200,-139.43677856333517,-0.6971838928166758,155.6387162083849,0.0,43578.84053834777,3747.477939453125,0.005,"{0: 0, 1: 0, 2: 200}"
always_distributed,61,200,-153.71433369130847,-0.7685716684565423,154.94403580917023,0.0,43384.33002656766,8140.654145507812,0.045,"{0: 0, 1: 0, 2: 200}"
always_distributed,62,200,-135.627856205708,-0.67813928102854,126.80896447329809,0.0,35506.51005252347,5888.60154296875,0.03,"{0: 0, 1: 0, 2: 200}"
always_distributed,63,200,-149.33206583820945,-0.7466603291910472,149.84891510916202,0.0,41957.696230565365,5720.9605859375,0.035,"{0: 0, 1: 0, 2: 200}"
always_distributed,64,200,-141.13345676852856,-0.7056672838426428,151.45450896096244,0.0,42407.26250906948,5275.02673828125,0.02,"{0: 0, 1: 0, 2: 200}"
always_distributed,65,200,-137.32893106545393,-0.6866446553272696,163.85510007209422,0.0,45879.42802018639,4478.910170898437,0.015,"{0: 0, 1: 0, 2: 200}"
always_distributed,66,200,-140.7878653787063,-0.7039393268935314,159.6843800981019,0.0,44711.62642746852,5894.74419921875,0.04,"{0: 0, 1: 0, 2: 200}"
always_distributed,67,200,-154.05047800398805,-0.7702523900199403,147.94193971449778,0.0,41423.74312005938,7299.452177734375,0.07,"{0: 0, 1: 0, 2: 200}"
always_distributed,68,200,-144.14611773570985,-0.7207305886785492,151.915662487667,0.0,42536.385496546754,6381.846796875,0.045,"{0: 0, 1: 0, 2: 200}"
always_distributed,69,200,-140.6743250943752,-0.703371625471876,156.00166837215997,0.0,43680.4671442048,3747.477939453125,0.01,"{0: 0, 1: 0, 2: 200}"
always_distributed,70,200,-155.3600056293842,-0.7768000281469211,154.52607837158945,0.0,43267.30194404505,8140.654145507812,0.055,"{0: 0, 1: 0, 2: 200}"
always_distributed,71,200,-135.82199268844437,-0.6791099634422219,126.51214253424074,0.0,35423.39990958741,5888.60154296875,0.03,"{0: 0, 1: 0, 2: 200}"
always_distributed,72,200,-150.08451213423595,-0.7504225606711797,149.05117357574886,0.0,41734.32860120969,5720.9605859375,0.04,"{0: 0, 1: 0, 2: 200}"
always_distributed,73,200,-141.17884696082876,-0.7058942348041438,151.51159355890752,0.0,42423.2461964941,5275.02673828125,0.02,"{0: 0, 1: 0, 2: 200}"
always_distributed,74,200,-139.94170237003425,-0.6997085118501712,164.2725135580206,0.0,45996.303796245775,4478.910170898437,0.025,"{0: 0, 1: 0, 2: 200}"
always_distributed,75,200,-140.830432249269,-0.7041521612463449,160.0322553423766,0.0,44809.03149586544,5894.74419921875,0.04,"{0: 0, 1: 0, 2: 200}"
always_distributed,76,200,-149.8374479052423,-0.7491872395262115,148.3039238561522,0.0,41525.09867972261,7299.452177734375,0.045,"{0: 0, 1: 0, 2: 200}"
always_distributed,77,200,-143.65939859260982,-0.718296992963049,151.65133070870482,0.0,42462.37259843734,6381.846796875,0.045,"{0: 0, 1: 0, 2: 200}"
always_distributed,78,200,-138.9544174573479,-0.6947720872867394,155.62079737203604,0.0,43573.82326417008,3747.477939453125,0.005,"{0: 0, 1: 0, 2: 200}"
always_distributed,79,200,-155.41704003175113,-0.7770852001587556,154.37626217270835,0.0,43225.353408358336,8140.654145507812,0.055,"{0: 0, 1: 0, 2: 200}"
always_distributed,80,200,-136.5598938435759,-0.6827994692178795,126.2327248876733,0.0,35345.162968548524,5888.60154296875,0.035,"{0: 0, 1: 0, 2: 200}"
always_distributed,81,200,-148.3565353874598,-0.7417826769372989,149.79290886072823,0.0,41942.014481003906,5720.9605859375,0.03,"{0: 0, 1: 0, 2: 200}"
always_distributed,82,200,-142.8173758581174,-0.714086879290587,152.04569336781822,0.0,42572.7941429891,5275.02673828125,0.025,"{0: 0, 1: 0, 2: 200}"
always_distributed,83,200,-139.48045328571027,-0.6974022664285513,164.02660030729777,0.0,45927.448086043376,4478.910170898437,0.025,"{0: 0, 1: 0, 2: 200}"
always_distributed,84,200,-139.64169973411686,-0.6982084986705843,160.14309308067132,0.0,44840.066062587975,5894.74419921875,0.035,"{0: 0, 1: 0, 2: 200}"
always_distributed,85,200,-150.92720952071187,-0.7546360476035594,148.35165134645536,0.0,41538.4623770075,7299.452177734375,0.055,"{0: 0, 1: 0, 2: 200}"
always_distributed,86,200,-140.36891089979622,-0.7018445544989811,151.72982549044053,0.0,42484.35113732335,6381.846796875,0.03,"{0: 0, 1: 0, 2: 200}"
always_distributed,87,200,-139.61840178114326,-0.6980920089057163,155.47462481708317,0.0,43532.89494878329,3747.477939453125,0.005,"{0: 0, 1: 0, 2: 200}"
always_distributed,88,200,-155.2883449450199,-0.7764417247250995,154.49932206431993,0.0,43259.81017800958,8140.654145507812,0.055,"{0: 0, 1: 0, 2: 200}"
always_distributed,89,200,-136.30561033530648,-0.6815280516765324,126.26275999654736,0.0,35353.57279903326,5888.60154296875,0.035,"{0: 0, 1: 0, 2: 200}"
always_distributed,90,200,-148.64274430529903,-0.7432137215264951,149.5642814968839,0.0,41877.99881912748,5720.9605859375,0.035,"{0: 0, 1: 0, 2: 200}"
always_distributed,91,200,-140.762031711078,-0.7038101585553901,151.19027520152233,0.0,42333.27705642625,5275.02673828125,0.02,"{0: 0, 1: 0, 2: 200}"
rule_based_threshold,42,200,-133.93066082157293,-0.6696533041078646,178.5108212411977,0.0,13161.831092907698,3747.477939453125,0.005,"{0: 79, 1: 74, 2: 47}"
rule_based_threshold,43,200,-146.67325151971994,-0.7333662575985997,175.18763062618672,0.0,12389.010179876266,8140.654145507812,0.045,"{0: 88, 1: 65, 2: 47}"
rule_based_threshold,44,200,-131.04784072121865,-0.6552392036060932,146.79207159928956,0.0,11047.732877041166,5888.60154296875,0.02,"{0: 76, 1: 75, 2: 49}"
rule_based_threshold,45,200,-142.75942808324606,-0.7137971404162303,165.85681624320253,0.0,12279.282814093567,5720.9605859375,0.04,"{0: 85, 1: 63, 2: 52}"
rule_based_threshold,46,200,-134.44635494053077,-0.6722317747026538,176.2501389764846,0.0,12601.842667252498,5275.02673828125,0.015,"{0: 79, 1: 78, 2: 43}"
rule_based_threshold,47,200,-132.82594753122882,-0.6641297376561441,187.72645847408555,0.0,12747.850282265947,4478.910170898437,0.015,"{0: 79, 1: 67, 2: 54}"
rule_based_threshold,48,200,-132.22620371915258,-0.6611310185957628,181.32155909126334,0.0,13350.820962695781,5894.74419921875,0.025,"{0: 69, 1: 78, 2: 53}"
rule_based_threshold,49,200,-140.6918704960798,-0.7034593524803989,168.1387869208894,0.0,12880.698399855588,7299.452177734375,0.04,"{0: 76, 1: 76, 2: 48}"
rule_based_threshold,50,200,-133.7492910609025,-0.6687464553045125,176.39873318180952,0.0,15665.379915455025,6381.846796875,0.02,"{0: 73, 1: 76, 2: 51}"
rule_based_threshold,51,200,-132.92703281220008,-0.6646351640610004,173.75504960301043,0.0,13814.292020942145,3747.477939453125,0.005,"{0: 79, 1: 62, 2: 59}"
rule_based_threshold,52,200,-146.82667197660703,-0.7341333598830352,176.77126874236717,0.0,12236.6564989087,8140.654145507812,0.045,"{0: 88, 1: 66, 2: 46}"
rule_based_threshold,53,200,-131.15079791013613,-0.6557539895506806,148.1894357695047,0.0,10713.885046975312,5888.60154296875,0.02,"{0: 76, 1: 74, 2: 50}"
rule_based_threshold,54,200,-140.42426221524306,-0.7021213110762153,165.66872615609427,0.0,12072.42856776183,5720.9605859375,0.03,"{0: 85, 1: 60, 2: 55}"
rule_based_threshold,55,200,-134.30527808574178,-0.6715263904287089,174.58237248245803,0.0,13521.569262234403,5275.02673828125,0.015,"{0: 79, 1: 75, 2: 46}"
rule_based_threshold,56,200,-133.6973303910703,-0.6684866519553515,191.364539946765,0.0,12408.413915486843,4478.910170898437,0.015,"{0: 79, 1: 78, 2: 43}"
rule_based_threshold,57,200,-131.59146285945803,-0.6579573142972902,179.91695937962567,0.0,13827.210132228503,5894.74419921875,0.025,"{0: 69, 1: 72, 2: 59}"
rule_based_threshold,58,200,-142.05781813300763,-0.7102890906650381,169.31933782327292,0.0,13381.065206384346,7299.452177734375,0.045,"{0: 76, 1: 75, 2: 49}"
rule_based_threshold,59,200,-135.23527198439797,-0.6761763599219899,173.43718904882206,0.0,15919.252901253214,6381.846796875,0.03,"{0: 73, 1: 70, 2: 57}"
rule_based_threshold,60,200,-133.68192412762227,-0.6684096206381114,175.80563661199122,0.0,13669.66556166728,3747.477939453125,0.005,"{0: 79, 1: 67, 2: 54}"
rule_based_threshold,61,200,-147.0145989161603,-0.7350729945808016,176.10581890354163,0.0,12133.736341094082,8140.654145507812,0.045,"{0: 88, 1: 72, 2: 40}"
rule_based_threshold,62,200,-130.4951064178414,-0.652475532089207,144.88698540097758,0.0,10934.408530755141,5888.60154296875,0.02,"{0: 76, 1: 71, 2: 53}"
rule_based_threshold,63,200,-141.30279023200455,-0.7065139511600228,164.48540553087724,0.0,12334.917608700234,5720.9605859375,0.035,"{0: 85, 1: 57, 2: 58}"
rule_based_threshold,64,200,-136.47609068635256,-0.6823804534317628,175.8713848633646,0.0,13480.18103220812,5275.02673828125,0.025,"{0: 79, 1: 76, 2: 45}"
rule_based_threshold,65,200,-131.78240768024452,-0.6589120384012226,186.72304535517847,0.0,12885.89721416676,4478.910170898437,0.01,"{0: 79, 1: 67, 2: 54}"
rule_based_threshold,66,200,-132.86415073592192,-0.6643207536796096,181.75063548425243,0.0,13135.131463545575,5894.74419921875,0.03,"{0: 69, 1: 77, 2: 54}"
rule_based_threshold,67,200,-141.88100099076496,-0.7094050049538247,169.53111803079005,0.0,12696.221350973039,7299.452177734375,0.045,"{0: 76, 1: 74, 2: 50}"
rule_based_threshold,68,200,-135.74197701985497,-0.6787098850992749,175.70996558596548,0.0,15443.431236752725,6381.846796875,0.03,"{0: 73, 1: 74, 2: 53}"
rule_based_threshold,69,200,-133.82628905099529,-0.6691314452549765,177.11397695128468,0.0,13341.099244204583,3747.477939453125,0.005,"{0: 79, 1: 70, 2: 51}"
rule_based_threshold,70,200,-147.05217827402322,-0.7352608913701161,176.7942552028916,0.0,12373.070065041455,8140.654145507812,0.045,"{0: 88, 1: 67, 2: 45}"
rule_based_threshold,71,200,-131.14491616215952,-0.6557245808107975,143.7037521423312,0.0,11383.468982726488,5888.60154296875,0.025,"{0: 76, 1: 65, 2: 59}"
rule_based_threshold,72,200,-142.217926110104,-0.71108963055052,163.69336227509132,0.0,12886.79203889865,5720.9605859375,0.04,"{0: 85, 1: 55, 2: 60}"
rule_based_threshold,73,200,-134.53727859708533,-0.6726863929854267,176.03117174658422,0.0,12825.578843809715,5275.02673828125,0.015,"{0: 79, 1: 77, 2: 44}"
rule_based_threshold,74,200,-133.48034482406294,-0.6674017241203147,191.07018553995675,0.0,12391.682911343867,4478.910170898437,0.015,"{0: 79, 1: 73, 2: 48}"
rule_based_threshold,75,200,-133.25559600881934,-0.6662779800440967,181.67490354730987,0.0,13246.514679262555,5894.74419921875,0.03,"{0: 69, 1: 81, 2: 50}"
rule_based_threshold,76,200,-141.2331682456243,-0.7061658412281215,169.7327926557233,0.0,13204.617618362694,7299.452177734375,0.04,"{0: 76, 1: 79, 2: 45}"
rule_based_threshold,77,200,-135.26368246125682,-0.6763184123062841,174.65893409209326,0.0,15655.30167247556,6381.846796875,0.03,"{0: 73, 1: 71, 2: 56}"
rule_based_threshold,78,200,-132.83360577631504,-0.6641680288815752,173.72593269712786,0.0,14191.46378133992,3747.477939453125,0.005,"{0: 79, 1: 62, 2: 59}"
rule_based_threshold,79,200,-148.1514490206011,-0.7407572451030054,177.81505008525824,0.0,12101.123600670788,8140.654145507812,0.05,"{0: 88, 1: 69, 2: 43}"
rule_based_threshold,80,200,-130.49538301986468,-0.6524769150993234,145.4421174629955,0.0,11525.314941497652,5888.60154296875,0.02,"{0: 76, 1: 68, 2: 56}"
rule_based_threshold,81,200,-141.32014750679684,-0.7066007375339842,166.8931868554856,0.0,12357.59782144363,5720.9605859375,0.03,"{0: 85, 1: 66, 2: 49}"
rule_based_threshold,82,200,-135.35143355669157,-0.6767571677834578,176.48768593802603,0.0,13208.168485142965,5275.02673828125,0.02,"{0: 79, 1: 76, 2: 45}"
rule_based_threshold,83,200,-132.83690075907248,-0.6641845037953624,187.63092577936797,0.0,12913.537771853053,4478.910170898437,0.015,"{0: 79, 1: 69, 2: 52}"
rule_based_threshold,84,200,-134.19823799866487,-0.6709911899933243,182.24147675948984,0.0,13488.139220897341,5894.74419921875,0.035,"{0: 69, 1: 77, 2: 54}"
rule_based_threshold,85,200,-141.08288848185583,-0.7054144424092792,168.64267905795748,0.0,13685.528761499818,7299.452177734375,0.04,"{0: 76, 1: 73, 2: 51}"
rule_based_threshold,86,200,-135.84234044545272,-0.6792117022272636,174.6070831124099,0.0,15191.368669275877,6381.846796875,0.03,"{0: 73, 1: 78, 2: 49}"
rule_based_threshold,87,200,-134.5289431754038,-0.672644715877019,175.8265112259277,0.0,13856.194080924979,3747.477939453125,0.01,"{0: 79, 1: 68, 2: 53}"
rule_based_threshold,88,200,-147.34607451761593,-0.7367303725880796,179.53737803915425,0.0,11754.908629900432,8140.654145507812,0.045,"{0: 88, 1: 72, 2: 40}"
rule_based_threshold,89,200,-131.92624826818587,-0.6596312413409293,148.4383804935091,0.0,10654.568583662987,5888.60154296875,0.025,"{0: 76, 1: 75, 2: 49}"
rule_based_threshold,90,200,-141.29014149422375,-0.7064507074711187,164.5259093699691,0.0,12590.212940771882,5720.9605859375,0.035,"{0: 85, 1: 57, 2: 58}"
rule_based_threshold,91,200,-133.85917716569116,-0.6692958858284558,174.33953481923737,0.0,13073.242722863522,5275.02673828125,0.015,"{0: 79, 1: 73, 2: 48}"
dqn_trained,42,200,-130.60800064733823,-0.6530400032366912,155.8986728416933,0.0,22208.39118661508,3747.477939453125,0.01,"{0: 51, 1: 39, 2: 110}"
dqn_trained,43,200,-145.0657738850789,-0.7253288694253945,154.48623475580854,0.0,21121.359301227945,8140.654145507812,0.055,"{0: 57, 1: 40, 2: 103}"
dqn_trained,44,200,-128.8484330922171,-0.6442421654610855,127.08282169532238,0.0,19128.831290773283,5888.60154296875,0.03,"{0: 49, 1: 36, 2: 115}"
dqn_trained,45,200,-137.35366083806719,-0.686768304190336,149.64141603695657,0.0,20041.21127601288,5720.9605859375,0.03,"{0: 55, 1: 38, 2: 107}"
dqn_trained,46,200,-129.53173527615652,-0.6476586763807827,151.42675026826655,0.0,21225.481200661896,5275.02673828125,0.015,"{0: 54, 1: 36, 2: 110}"
dqn_trained,47,200,-132.50462393656582,-0.6625231196828291,164.9306790413375,0.0,23909.617091428834,4478.910170898437,0.025,"{0: 59, 1: 24, 2: 117}"
dqn_trained,48,200,-132.6474052989714,-0.6632370264948569,160.44392310767026,0.0,21469.964040938394,5894.74419921875,0.04,"{0: 46, 1: 29, 2: 125}"
dqn_trained,49,200,-140.74285390822357,-0.7037142695411178,148.66272734015587,0.0,22902.322039371753,7299.452177734375,0.05,"{0: 52, 1: 38, 2: 110}"
dqn_trained,50,200,-129.29539899381166,-0.6464769949690583,150.5401950156688,0.0,25983.6305220976,6381.846796875,0.025,"{0: 53, 1: 28, 2: 119}"
dqn_trained,51,200,-128.9857276924144,-0.644928638462072,155.38139455346362,0.0,21727.37143826413,3747.477939453125,0.005,"{0: 53, 1: 34, 2: 113}"
dqn_trained,52,200,-144.8163317244134,-0.724081658622067,154.59307309825203,0.0,21093.86320735885,8140.654145507812,0.055,"{0: 51, 1: 50, 2: 99}"
dqn_trained,53,200,-127.94845396763401,-0.6397422698381701,127.39204842644155,0.0,19703.742567873607,5888.60154296875,0.025,"{0: 44, 1: 39, 2: 117}"
dqn_trained,54,200,-137.96951649687813,-0.6898475824843906,148.90981632482146,0.0,21034.08934060685,5720.9605859375,0.035,"{0: 57, 1: 34, 2: 109}"
dqn_trained,55,200,-129.9624709763282,-0.649812354881641,151.91492135461135,0.0,21423.254709069104,5275.02673828125,0.015,"{0: 50, 1: 40, 2: 110}"
dqn_trained,56,200,-130.12783749997408,-0.6506391874998704,164.2926159713204,0.0,23543.68481461363,4478.910170898437,0.015,"{0: 54, 1: 30, 2: 116}"
dqn_trained,57,200,-132.23825825427315,-0.6611912912713658,160.05213436295594,0.0,22678.183671289255,5894.74419921875,0.04,"{0: 48, 1: 25, 2: 127}"
dqn_trained,58,200,-142.97050812487475,-0.7148525406243738,148.43174929547328,0.0,23809.69424135965,7299.452177734375,0.055,"{0: 50, 1: 37, 2: 113}"
dqn_trained,59,200,-131.09954452734564,-0.6554977226367282,151.30771472470806,0.0,24759.911264890172,6381.846796875,0.03,"{0: 52, 1: 28, 2: 120}"
dqn_trained,60,200,-130.14668134514778,-0.6507334067257389,155.792097758258,0.0,22245.031426829963,3747.477939453125,0.01,"{0: 54, 1: 31, 2: 115}"
dqn_trained,61,200,-144.56445199339856,-0.7228222599669928,154.41469240206476,0.0,21743.13093866962,8140.654145507812,0.055,"{0: 54, 1: 43, 2: 103}"
dqn_trained,62,200,-127.82139352923973,-0.6391069676461987,126.99391612000545,0.0,19873.356399137698,5888.60154296875,0.025,"{0: 48, 1: 34, 2: 118}"
dqn_trained,63,200,-137.94545546077111,-0.6897272773038555,148.70858583022505,0.0,20708.39113219339,5720.9605859375,0.035,"{0: 53, 1: 37, 2: 110}"
dqn_trained,64,200,-130.13942041686187,-0.6506971020843093,151.13310742671652,0.0,22039.93106153576,5275.02673828125,0.015,"{0: 46, 1: 43, 2: 111}"
dqn_trained,65,200,-132.02656986888587,-0.6601328493444294,164.1762153643974,0.0,23552.61546912266,4478.910170898437,0.025,"{0: 53, 1: 31, 2: 116}"
dqn_trained,66,200,-132.17548755487485,-0.6608774377743742,160.2685561532159,0.0,22768.53579848987,5894.74419921875,0.04,"{0: 47, 1: 27, 2: 126}"
dqn_trained,67,200,-141.63007402613243,-0.7081503701306622,147.6935598641873,0.0,24523.495265274312,7299.452177734375,0.055,"{0: 51, 1: 32, 2: 117}"
dqn_trained,68,200,-132.4025197568988,-0.662012598784494,151.08996601141243,0.0,25451.194828326625,6381.846796875,0.035,"{0: 45, 1: 35, 2: 120}"
dqn_trained,69,200,-130.24349546430489,-0.6512174773215245,156.08427411826156,0.0,21460.645964296855,3747.477939453125,0.01,"{0: 57, 1: 33, 2: 110}"
dqn_trained,70,200,-143.96824112236663,-0.7198412056118332,153.7036008377692,0.0,21207.671459081117,8140.654145507812,0.05,"{0: 53, 1: 44, 2: 103}"
dqn_trained,71,200,-127.94983882713117,-0.6397491941356559,126.79030622226266,0.0,19974.314060729736,5888.60154296875,0.025,"{0: 44, 1: 38, 2: 118}"
dqn_trained,72,200,-138.35571378705998,-0.6917785689352999,148.8367794344779,0.0,21272.098288850422,5720.9605859375,0.035,"{0: 57, 1: 30, 2: 113}"
dqn_trained,73,200,-130.8938521026323,-0.6544692605131616,151.01941695252447,0.0,22228.016320215753,5275.02673828125,0.02,"{0: 48, 1: 40, 2: 112}"
dqn_trained,74,200,-131.30466758917822,-0.6565233379458911,164.11091998407818,0.0,24472.233215186967,4478.910170898437,0.02,"{0: 56, 1: 25, 2: 119}"
dqn_trained,75,200,-131.35493517977827,-0.6567746758988914,160.66728878541284,0.0,22239.66017291625,5894.74419921875,0.035,"{0: 48, 1: 27, 2: 125}"
dqn_trained,76,200,-139.568577607912,-0.6978428880395601,148.29847710351763,0.0,23424.44176826569,7299.452177734375,0.045,"{0: 57, 1: 30, 2: 113}"
dqn_trained,77,200,-132.8329147212752,-0.6641645736063759,151.59315528636608,0.0,25617.411629386414,6381.846796875,0.035,"{0: 48, 1: 32, 2: 120}"
dqn_trained,78,200,-130.2473744477169,-0.6512368722385845,155.15104722041707,0.0,23053.884631494133,3747.477939453125,0.01,"{0: 50, 1: 37, 2: 113}"
dqn_trained,79,200,-143.7281197472705,-0.7186405987363526,153.90063109531272,0.0,21008.75741618772,8140.654145507812,0.05,"{0: 59, 1: 38, 2: 103}"
dqn_trained,80,200,-129.69553368373872,-0.6484776684186936,126.84592228804357,0.0,19837.913527494693,5888.60154296875,0.035,"{0: 49, 1: 32, 2: 119}"
dqn_trained,81,200,-139.08527915311845,-0.6954263957655923,149.37990956439828,0.0,20469.665667201123,5720.9605859375,0.035,"{0: 51, 1: 41, 2: 108}"
dqn_trained,82,200,-132.144982033737,-0.660724910168685,151.3884093916054,0.0,21910.096704119063,5275.02673828125,0.025,"{0: 51, 1: 39, 2: 110}"
dqn_trained,83,200,-129.89193143278916,-0.6494596571639458,164.025118489026,0.0,23813.462804507642,4478.910170898437,0.02,"{0: 59, 1: 25, 2: 116}"
dqn_trained,84,200,-131.2836806280142,-0.6564184031400709,160.30699004713543,0.0,21964.251355372147,5894.74419921875,0.035,"{0: 47, 1: 30, 2: 123}"
dqn_trained,85,200,-139.44504650636458,-0.6972252325318229,147.64555351329608,0.0,23480.66282582717,7299.452177734375,0.045,"{0: 51, 1: 35, 2: 114}"
dqn_trained,86,200,-131.9411352473905,-0.6597056762369524,151.49899178950307,0.0,24579.134106185174,6381.846796875,0.035,"{0: 50, 1: 33, 2: 117}"
dqn_trained,87,200,-129.21910868707084,-0.6460955434353542,155.73819799755748,0.0,22149.918019741057,3747.477939453125,0.005,"{0: 53, 1: 38, 2: 109}"
dqn_trained,88,200,-143.91360737055945,-0.7195680368527972,154.17516738755464,0.0,21632.547156078752,8140.654145507812,0.05,"{0: 49, 1: 49, 2: 102}"
dqn_trained,89,200,-129.35759955159884,-0.6467879977579942,127.5176818532168,0.0,20175.437497213028,5888.60154296875,0.03,"{0: 47, 1: 35, 2: 118}"
dqn_trained,90,200,-138.27530916060252,-0.6913765458030126,149.08666677180966,0.0,21873.79495236051,5720.9605859375,0.035,"{0: 58, 1: 28, 2: 114}"
dqn_trained,91,200,-131.5819427838103,-0.6579097139190515,150.9150795881772,0.0,21389.48097686152,5275.02673828125,0.025,"{0: 48, 1: 43, 2: 109}"
